{"dev_loss":1.34752251421847,"_wandb":{"runtime":1317},"_runtime":1317.760588572,"_timestamp":1.763933478243382e+09,"_step":26000,"iteration":26000,"train_loss":0.4986672983015975,"learning_rate":6.25e-05}