{"_timestamp":1.7640438739802885e+09,"_step":27200,"dev_loss":1.5761307775974274,"_wandb":{"runtime":433},"_runtime":433.201995717,"train_loss":1.1925166130065918,"learning_rate":6e-05,"iteration":27200}