{"learning_rate":6.309444158683489e-05,"iteration":26000,"_timestamp":1.7641154044203184e+09,"dev_loss":1.5127258747816086,"_wandb":{"runtime":858},"_runtime":858.881372642,"_step":26000,"train_loss":0.5356064379215241}