{"_runtime":1285.855777341,"train_loss":2.7307224921357833,"learning_rate":0.001,"_timestamp":1.7640381045557203e+09,"_step":27210,"iteration":27210,"dev_loss":2.783779478489805,"_wandb":{"runtime":1285}}