{"_wandb":{"runtime":291},"_runtime":291.435262483,"_timestamp":1.7640427672590158e+09,"_step":27200,"train_loss":2.6728641033172607,"learning_rate":6e-05,"iteration":27200,"dev_loss":2.675878167152405}