{"dev_loss":2.9169200612588924,"_wandb":{"runtime":1272},"_runtime":1272.450634147,"_step":27210,"iteration":27210,"train_loss":2.8713071179179486,"learning_rate":0.001,"_timestamp":1.7640394744493432e+09}