{"learning_rate":0.0005,"dev_loss":1.4779420066729219,"_runtime":1265.54902714,"_wandb":{"runtime":1265},"_timestamp":1.7639437804970264e+09,"_step":27210,"iteration":27210,"train_loss":0.7590618704652817}