{"_step":13620,"iteration":13620,"dev_loss":1.3828410824504958,"_wandb":{"runtime":726},"_runtime":726.040932351,"train_loss":0.5883325675698651,"learning_rate":0.00025,"_timestamp":1.7640361983831506e+09}