{"_runtime":681.436156733,"_timestamp":1.7639453467185142e+09,"_step":13620,"iteration":13620,"train_loss":0.9182076772261032,"learning_rate":0.001,"dev_loss":1.5495032999191267,"_wandb":{"runtime":681}}