{"iteration":920,"_timestamp":1.7640434040891857e+09,"_wandb":{"runtime":15},"_runtime":15.222798891,"_step":920,"train_loss":4.766494560241699,"learning_rate":0.00020323648400147112}